{
    "objectsResult": {
        "values": [
            {
                "boundingBox": {
                    "x": 210,
                    "y": 101,
                    "w": 97,
                    "h": 247
                },
                "tags": [
                    {
                        "name": "person",
                        "confidence": 0.804
                    }
                ]
            },
            {
                "boundingBox": {
                    "x": 2,
                    "y": 0,
                    "w": 636,
                    "h": 359
                },
                "tags": [
                    {
                        "name": "building",
                        "confidence": 0.565
                    }
                ]
            }
        ]
    },
    "denseCaptionsResult": {
        "values": [
            {
                "text": "a woman walking in a large airport",
                "confidence": 0.6830865740776062,
                "boundingBox": {
                    "x": 0,
                    "y": 0,
                    "w": 640,
                    "h": 640
                }
            },
            {
                "text": "a woman wearing a green and black striped backpack",
                "confidence": 0.6657604575157166,
                "boundingBox": {
                    "x": 206,
                    "y": 86,
                    "w": 96,
                    "h": 270
                }
            },
            {
                "text": "a person wearing a green and black striped backpack",
                "confidence": 0.7066598534584045,
                "boundingBox": {
                    "x": 210,
                    "y": 166,
                    "w": 86,
                    "h": 125
                }
            },
            {
                "text": "a blurry image of a person's face",
                "confidence": 0.7844890356063843,
                "boundingBox": {
                    "x": 269,
                    "y": 96,
                    "w": 69,
                    "h": 56
                }
            },
            {
                "text": "a row of chairs in a room",
                "confidence": 0.6951725482940674,
                "boundingBox": {
                    "x": 420,
                    "y": 162,
                    "w": 63,
                    "h": 56
                }
            },
            {
                "text": "a building with a sign on the door",
                "confidence": 0.604661226272583,
                "boundingBox": {
                    "x": 426,
                    "y": 69,
                    "w": 88,
                    "h": 85
                }
            },
            {
                "text": "a chair on a table",
                "confidence": 0.6731241941452026,
                "boundingBox": {
                    "x": 391,
                    "y": 164,
                    "w": 64,
                    "h": 56
                }
            }
        ]
    },
    "modelVersion": "2023-02-01-preview",
    "metadata": {
        "width": 640,
        "height": 640
    },
    "peopleResult": {
        "values": [
            {
                "boundingBox": {
                    "x": 207,
                    "y": 88,
                    "w": 99,
                    "h": 271
                },
                "confidence": 0.9415539503097534
            },
            {
                "boundingBox": {
                    "x": 117,
                    "y": 132,
                    "w": 10,
                    "h": 20
                },
                "confidence": 0.02139851450920105
            },
            {
                "boundingBox": {
                    "x": 99,
                    "y": 131,
                    "w": 11,
                    "h": 21
                },
                "confidence": 0.008434366434812546
            },
            {
                "boundingBox": {
                    "x": 92,
                    "y": 131,
                    "w": 10,
                    "h": 21
                },
                "confidence": 0.00534918112680316
            },
            {
                "boundingBox": {
                    "x": 100,
                    "y": 130,
                    "w": 28,
                    "h": 24
                },
                "confidence": 0.002593967132270336
            },
            {
                "boundingBox": {
                    "x": 42,
                    "y": 132,
                    "w": 12,
                    "h": 23
                },
                "confidence": 0.0024569088127464056
            },
            {
                "boundingBox": {
                    "x": 209,
                    "y": 177,
                    "w": 95,
                    "h": 97
                },
                "confidence": 0.0013898119796067476
            },
            {
                "boundingBox": {
                    "x": 143,
                    "y": 134,
                    "w": 12,
                    "h": 20
                },
                "confidence": 0.0011621327139437199
            },
            {
                "boundingBox": {
                    "x": 173,
                    "y": 123,
                    "w": 14,
                    "h": 26
                },
                "confidence": 0.0010775652481243014
            }
        ]
    }
}